ANIO,MES,Temp_MAX,Temp_MAX_ANOM,Temp_MIN,Temp_Average,precip,VPD,f_count,b_surface,n_hotspots_modis,dead_ratio,fdi_100ha,NBR_monthly,dNBR,KNDVI,NDVI,RH,solar_rad,wind_speed,TEMP_AIR_MAX,NINO3_4,LST_trend,spei12
2001,1,21.29032258,0.60841058,-0.13,13.26612903,4.5,1.632877497,NA,0,0,0.831,0,NA,NA,0.04,0.184722259,57.60442846,583.918924,4.32233953,19.9481449,25.81,24.131,NA
2001,2,21.57142857,0.182297858,-1.53,14.14285714,3,1.633083624,NA,0,1,0.815,0.046168052,-0.018742242,NA,0.033127084,0.178364196,55.45206274,555.144998,3.96088672,21.2017155,26.12,31.837,NA
2001,3,24.72580645,0.564865779,-0.47,16.63709677,6.51,2.366429403,NA,0,0,0.818,0,-0.060201842,NA,0.03,0.173619804,41.10186273,775.16623,5.35924673,23.1684208,26.8,43.71,NA
2001,4,23.03225806,-0.637728385,-3.71,NA,19.5,1.905990583,1,1,0,0.825,0,-0.052536394,0.106,0.03,0.167746433,42.16544617,742.447222,4.24026394,26.0355167,27.33,44.638,NA
2001,5,26.77419355,-0.273435098,-0.57,18.84677419,124.91,2.394541955,NA,0,0,0.757,0,-0.015695277,NA,0.06,0.231389882,54.41586004,724.378942,3.86581802,24.3375492,27.6,43.076,NA
2001,6,26.16666667,1.679750396,1.04,19.65,72.01,1.978354092,NA,0,0,0.622,0,0.294432613,NA,0.232717949,0.473980785,75.69729605,631.564992,3.74647331,22.4187565,27.54,28.556,NA
2001,7,26.48387097,0.652452219,1.95,19.24193548,174.6,2.000887792,NA,0,0,0.413,0,0.47674802,NA,0.385163136,0.63,80.14338386,665.560512,3.92269349,21.6969547,27.25,26.519,NA
2001,8,27.5,1.248711071,3.33847228,19.90322581,99.53,2.205682342,NA,0,0,0.416,0,NA,NA,NA,NA,77.66045396,662.62405,4.10489941,21.2459965,26.8,NA,NA
2001,9,26.43333333,0.850762568,2.23,19.2,103.2,1.996949012,NA,0,0,0.73,0,NA,NA,NA,NA,81.43729117,553.2254458,4.30852032,20.3163395,26.52,NA,NA
2001,10,25.46774194,0.75382057,1.543708433,17.74193548,30.14,2.06528167,NA,0,0,0.585,0,0.317593835,NA,0.214348581,0.46,72.7134341,602.6286024,4.90098906,19.3409367,26.57,27.053,NA
2001,11,25.31666667,1.077011494,1.789293319,16.525,0.71,2.267241642,NA,0,0,0.661,0,0.170549369,NA,0.123692558,0.341577432,62.46356382,564.009588,4.27074289,18.7203617,26.33,29.162,NA
2001,12,26.88709677,1.4643083,3.75708623,16.88709677,10.03,2.573948621,NA,0,0,0.73,0,NA,NA,NA,NA,60.28054894,533.076072,4.03610563,19.1946659,26.19,NA,0.006253168
2002,1,17.33870968,0.995507354,-4.08,11.48387097,7.7,1.186156198,NA,0,0,0.739,0,-0.021390134,NA,0.05,0.216211265,50.04156728,617.297648,4.3763814,19.9715824,26.39,29.543,0.057182704
2002,2,19.89285714,0.450155001,-3.21,13.4375,1.5,1.414299155,NA,0,0,0.73,0,NA,NA,NA,NA,52.54794382,553.297684,4.43790674,20.1883488,26.71,NA,0.047811365
2002,3,28.4516129,1.64551094,3.257227607,19.04032258,0.01,2.975058601,1,1,0,0.84,0,-0.049382618,NA,0.03,0.16492148,44.77498524,750.8946417,4.70638943,24.6994877,27.29,40.742,-0.069532367
2002,4,28.83333333,0.231088816,2.092489294,19.63333333,55.42,2.861045933,NA,0,0,0.73,0,NA,NA,NA,NA,52.30019574,773.232926,3.96304464,26.3287296,27.84,NA,-0.002344721
2002,5,29.59677419,0.903984252,2.256019582,20.84677419,3.52,3.070777043,NA,0,0,0.781,0,-0.018910802,NA,0.04,0.185710619,46.48273631,779.260642,4.08148289,26.4081669,28.24,47.394,-0.686806694
2002,6,27.1,1.096417066,1.975914478,19.825,29.84,2.245975613,NA,0,0,0.73,0,NA,NA,NA,NA,66.6985299,665.173246,4.04134989,23.3475895,28.44,NA,-1.000938309
2002,7,24.9516129,1.442774799,0.42,18.87096774,66.93,1.659302733,NA,0,0,0.635,0,0.327468934,NA,0.196634958,0.43971451,80.31733476,658.38932,3.94603992,21.7613163,28.03,11.092,-1.436311357
2002,8,25.06451613,1.264840111,0.90298841,18.69354839,91.51,1.737756618,NA,0,0,0.73,0,NA,NA,NA,NA,76.74007048,677.076294,4.14431477,22.2421513,27.72,NA,-1.586520586
2002,9,23.58333333,1.450762568,-0.62,18.075,110.81,1.394431485,NA,0,0,0.568,0,NA,NA,NA,NA,83.04793375,525.4099955,3.99620366,20.4586735,27.81,NA,-1.409749074
2002,10,24.40322581,2.17317541,0.479192303,17.91935484,3.5,1.658024503,NA,0,0,0.676,0,0.347131797,NA,0.137670568,0.36,77.006248,583.6976685,3.58599377,20.1408634,27.96,20.551,-1.459009727
2002,11,22.95,1.477011494,-0.58,15.54166667,10.9,1.734295769,NA,0,0,0.624,0,0.037457561,NA,0.104010976,0.31220174,70.60589274,510.446208,4.54817152,17.9170475,28.17,22.954,-1.381091174
2002,12,23.375,0.773640097,0.24498946,13.35483871,0,1.89072828,NA,0,0,0.73,0,NA,NA,NA,NA,63.72144069,549.98374,4.04241085,18.8601322,27.97,NA,-1.415434441
2003,1,20.82258065,-1.827073291,-0.6,NA,52.6,1.53813888,NA,0,0.007843137,0.846,0.000362102,0.002234559,NA,0.030523801,0.169965901,59.50345388,520.152456,3.82591653,18.4106693,27.15,28.4,-1.301056404
2003,2,NA,NA,NA,NA,NA,NA,NA,0,0,0.73,0,NA,NA,NA,NA,43.6159174,650.837158,4.70899773,22.6948795,27.39,NA,-1.083454218
2003,3,20.29032258,-6.048037447,-4.9,NA,57.41,1.647319368,NA,0,5.823529412,NA,0.268861007,NA,NA,NA,NA,37.61024748,778.4161796,5.18332338,24.3262577,27.65,NA,-0.672719256
2003,4,NA,NA,NA,NA,NA,NA,1,0,0,0.788,0,-0.047121691,0.049,0.03,0.177848035,47.79678081,710.014432,4.09639406,26.0656681,27.68,45.529,-0.514017737
2003,5,NA,NA,NA,NA,91,NA,NA,0,0,0.779,0,-0.046479624,NA,0.04,0.197248516,48.36696808,805.58293,4.30038881,27.5885258,27.32,47.472,0.078954254
2003,6,NA,NA,NA,NA,NA,NA,NA,0,0,0.73,0,NA,NA,NA,NA,81.64933224,564.398816,4.00523138,22.2431278,27.44,NA,0.190785137
2003,7,NA,NA,NA,NA,NA,NA,NA,0,0,0.38,0,0.526832704,NA,0.430430728,0.668790964,78.0714287,686.075714,4.1642127,21.6100407,27.5,22.117,0.01485496
2003,8,19.41071429,-4.486311968,-4.75,NA,0,0.783422976,NA,0,0,0.66,0,0.173707487,NA,0.051259063,0.21291577,77.92001919,682.488626,3.97237515,21.7140141,27.11,3.655,-0.454413282
2003,9,28.75,-1.265904102,4.54,19.3,143.8,2.423958361,NA,0,0,0.404,0,NA,NA,NA,NA,82.44184025,552.7259139,4.4709425,20.0759525,26.99,NA,-0.241392714
2003,10,29.62903226,1.10865928,5.7,20,17.31,2.755134964,NA,0,0,0.636,0,0.393847237,NA,0.19514361,0.43840697,80.07587567,553.7258705,4.25441599,19.4533024,27.14,10.109,-0.172658657
2003,11,29.28333333,1.177011494,5.755959979,18.55833333,0,2.963531121,NA,0,1,0.718,0.046168052,0.114807018,NA,0.09,0.288029048,64.74237857,560.50308,4.36739922,19.3873539,27.04,29.351,-0.247718946
2003,12,26.0483871,-3.32601428,2.91837656,14.07258065,0,2.609756943,1,15.883,0,0.728,0,0.03951916,NA,0.07,0.248492702,52.27066066,584.698972,4.10834742,18.0451298,27.03,28.148,-0.245097403
2004,1,18.75806452,-1.149653936,-2.66,11.12096774,26.51,1.269186535,9,52.158,1.525490196,0.79,0.07042891,0.045781081,NA,0.044696386,0.20462147,62.23031272,544.799316,4.7994523,17.4453678,26.81,21.509,-0.286803067
2004,2,21.86206897,-1.756125787,-1.24,13.31896552,0.3,1.873553458,1,0,2.898039216,0.854,0.133796824,-0.023440066,NA,0.028670342,0.17,46.81704388,655.474818,5.23125362,20.5024967,26.98,30.671,-0.543590735
2004,3,23.41935484,-0.822230995,-1.78,15.29032258,18.01,1.910351791,NA,0,0,0.73,0,NA,NA,NA,NA,51.02850182,707.9125943,4.46592617,22.2235661,27.4,NA,-0.717527077
2004,4,22.6,-2.002244514,-4.14,15.4,21.42,1.768593507,NA,0,0,0.853,0,NA,NA,NA,NA,48.4003757,741.198712,5.0051384,23.9221134,27.89,NA,-0.975048802
2004,5,25.14516129,-6.079886712,-2.2,NA,6.2,1.901935159,NA,0,0,0.73,0,NA,NA,NA,NA,64.91721271,716.732088,3.75863671,23.2752628,28,NA,-1.228055174
2004,6,NA,NA,NA,NA,NA,NA,NA,0,0,0.604,0,0.185332151,NA,0.186307977,0.414096614,77.68523323,635.854896,3.92137194,21.9086552,27.86,34.176,-1.401527279
2004,7,NA,NA,NA,NA,3.4,NA,NA,0,0,0.506,0,0.334994302,NA,0.27585478,0.505726654,78.18560174,677.58412,3.81876087,21.5598392,27.78,23.154,-1.415847051
2004,8,NA,NA,NA,NA,NA,NA,NA,0,0,0.442,0,0.476120174,NA,0.37077889,0.612813047,77.2094381,696.293216,3.98737955,21.9624271,27.62,28.105,-1.347583582
2004,9,NA,NA,NA,NA,NA,NA,NA,0,0,0.41,0,0.521027223,NA,0.424638902,0.661163894,81.3010517,556.4313293,3.81489205,20.6700382,27.53,26.751,-1.629730185
2004,10,27.13333333,-0.678975127,3.209299823,NA,17,2.146771401,NA,0,0,0.613,0,0.312138287,NA,0.190764205,0.42625858,78.73726686,558.2894684,3.86164975,20.5699711,27.44,28.216,-1.311158997
2004,11,NA,NA,NA,NA,NA,NA,NA,0,0,0.663,0,0.102463931,NA,0.100065825,0.305255815,60.1454986,607.992752,4.10354662,20.9802189,27.36,29.432,-1.022093514
2004,12,26.85,2.010544859,3.71998946,NA,4.6,2.624980952,1,3.286,0,0.747,0,0.039690285,NA,0.05,0.223531374,58.34692132,564.92358,4.3525691,19.0156193,27.34,26.318,-0.929106955
2005,1,17.35483871,-3.794815227,-4.06,9.096774194,4.9,1.088076013,1,0.634,0,0.801,0,0.006634498,NA,0.044267112,0.204344224,57.88743407,601.945684,4.12202311,19.8951359,27.21,23.307,-1.023050662
2005,2,18.19642857,-6.228416427,-4.91,9.25,30.51,1.107619653,4,6.759,0,0.826,0,0.007499215,NA,0.03,0.174196493,54.35374653,572.923304,4.41790056,21.4423161,27.11,31.675,-0.773962547
2005,3,20.46774194,-6.564166479,-4.73,10.94354839,18.91,1.662575129,1,0.084,0,0.794,0,-0.02784298,0.052,0.039862661,0.194096331,38.7870335,765.7273652,5.7782979,23.6053715,27.73,41.358,-0.637446744
2005,4,21.23333333,-6.568911181,-5.51,12.43333333,72.4,1.445213428,1,0.253,0,0.823,0,-0.020203131,0.027,0.03,0.17,48.42168941,730.88327,4.21518278,26.7185001,28.08,44.443,-0.325354081
2005,5,24.16129032,-6.531499615,-3.18,14.41129032,35.41,1.948778081,NA,0,0,0.788,0,-0.046669143,NA,0.031193808,0.171595553,48.44567048,767.085156,3.98640084,25.8438663,28.24,38.46,-0.159956344
2005,6,25.96666667,-4.870249601,0.842581147,16.275,52.32,2.095206471,NA,0,0,0.804,0,-0.045096384,NA,0.026735685,0.159097683,55.77221799,642.172128,4.49683475,25.827631,27.77,49.053,-0.136205369
2005,7,25.61290323,-5.799160684,1.080620034,15.58064516,138,1.777571103,NA,0,0,0.646,0,0.144039546,NA,0.145474518,0.36527825,76.54743602,693.369536,4.07433176,22.6519413,27.06,36.11,0.549339084
2005,8,24.9516129,-5.944837313,0.79008518,15.03225806,210.6,1.629135189,NA,0,0,0.428,0,0.481258331,NA,0.369755988,0.610804863,81.71956711,602.849258,4.1609025,20.886652,26.8,23.617,1.625715773
2005,9,23.9,-6.599237435,-0.31,14.20833333,85.83,1.544184963,NA,0,0,0.451,0,0.474213232,NA,0.349780359,0.590712612,76.880484,613.707253,4.4026823,20.7096195,26.68,24.991,1.60268811
2005,10,24,2.3667238,0.08,17.81451613,98.71,1.695335978,NA,0,0,0.536,0,0.41668018,NA,0.267493544,0.506866202,74.13114936,573.1832522,4.37748194,19.7759953,26.65,18.631,1.576231119
2005,11,23.25,-5.589655172,-0.28,12.15833333,7.9,1.800575576,NA,0,0,0.668,0,0.11304536,NA,0.109108435,0.319717259,64.47276912,554.453022,4.15827227,19.6986637,26.11,30.517,1.561382536
2005,12,21.41935484,-4.32601428,-1.71,11.25806452,0,1.656501004,1,0.422,0,0.782,0,0.050472472,NA,0.05,0.219986276,54.3744219,536.122216,3.75510073,19.0691166,25.68,23.945,1.580887142
2006,1,26.32258065,-1.456105549,4.904099209,14.75,0,2.618922148,1,2.366,0,0.871,0,0.042265672,NA,0.03,0.159267857,50.5916088,581.229856,4.1648922,19.7036686,25.63,20.565,1.513282676
2006,2,26.78571429,-1.353416427,3.68010248,15.98214286,0,2.618944674,1,1.267,0,0.807,0,-0.020913548,NA,0.038391523,0.191058234,50.56605481,588.336848,4.3340559,22.1059513,26.08,34.288,1.349587136
2006,3,26.96774194,-1.370618092,1.773356647,16.79032258,24.02,2.722657896,3,15.377,0,0.818,0,-0.016350817,NA,0.033818246,0.178988235,43.2326297,750.7816756,4.30718851,24.39007,26.57,37.848,1.248164586
2006,4,28.43333333,-0.735577847,1.692489294,18.95,26.02,2.887530588,1,1,4,0.855,0.184672207,-0.032498456,0.075,0.024514616,0.151891944,45.87322746,759.891662,4.17225313,26.3556156,27.5,38.559,0.921173227
2006,5,27.16129032,-1.031499618,-0.18,18.66129032,94.23,2.351218329,NA,0,0,0.769,0,-0.045865231,NA,0.04,0.186638934,61.89197763,718.526452,3.69327617,24.1511478,27.85,41.81,1.02797127
2006,6,25.7,-1.320249604,0.575914477,17.91666667,79.02,1.957492249,NA,0,0,0.594,0,0.192189892,NA,0.196259286,0.428402095,69.41280586,685.909758,4.05740166,23.4173527,27.73,35.772,1.132269322
2006,7,24.73333333,-0.547547781,0.201050134,17.19354839,67.01,1.637878469,NA,0,0,0.73,0,NA,NA,NA,NA,80.35401375,614.515682,4.22171688,21.9279118,27.3,NA,0.696492797
2006,8,24.38709677,0.006775591,0.22556905,17.72580645,65.08,1.516283189,NA,0,0,0.477,0,NA,NA,NA,NA,83.56883201,594.521256,3.88356566,20.65481,27.16,NA,-0.188632067
2006,9,25.66666667,0.184095898,1.461285606,18.48333333,41.07,1.786324662,NA,0,0,0.473,0,NA,NA,NA,NA,82.29358336,577.6422028,3.95277619,20.5149174,27.32,NA,-0.509719731
2006,10,25.74193548,0.447368959,1.817901973,17.72580645,23.04,1.887317618,NA,0,0,NA,0,NA,NA,NA,NA,79.1281551,549.6807001,4.53381777,20.3037357,27.41,NA,-0.800598148
2006,11,26,-1.089655172,2.472626649,15.78333333,41,2.268748529,NA,0,0,0.626,0,NA,NA,0.216702343,0.456499192,70.89026388,504.643956,4.14197826,18.2275028,27.69,28.839,-0.676428247
2006,12,25.74193548,-1.713111055,2.61192494,14.72580645,0,2.457438676,1,0.338,0,0.823,0,0.069461911,NA,0.04,0.190734801,55.70474388,561.846388,4.46136332,18.4998722,27.74,12.158,-0.79861603
2007,1,22.29032258,-2.730299098,0.871841139,12.09677419,6.01,1.720632116,1,0.929,0,0.764,0,0.014824826,NA,0.042070066,0.199383549,57.57481848,568.926056,4.37667942,19.8420658,27.24,23.1,-0.712247566
2007,2,22.875,-5.085559285,-0.23,12.16071429,34,1.949820131,1,0.507,0,0.735,0,-0.036321996,NA,0.054225728,0.22538747,47.43258609,600.030288,4.42951202,21.1714725,26.88,35.863,-0.445287605
2007,3,23.64516129,-6.177069705,-1.55,12.72580645,27.52,2.048960861,1,0.773,0,0.793,0,-0.020249851,NA,0.05,0.20847268,43.61266907,724.0758174,3.89633751,22.769556,27.1,35.448,-0.296266133
2007,4,24.51666667,-7.485577847,-2.22,13.61666667,21.23,2.158948975,1,0.273,0,0.732,0,-0.027046469,0.041,0.06,0.237537463,44.19294042,728.654306,4.41267681,23.831049,27.5,39.543,-0.193492072
2007,5,24.4516129,-6.547628648,-2.89,14.5483871,40.79,1.799153428,NA,0,0,0.772,0,0.026037869,NA,0.061183396,0.238516196,60.92486039,703.62709,3.49988604,24.725275,27.46,31.619,-0.314785516
2007,6,37.33333333,-6.286916267,12.20924781,21.25,47.61,4.987169196,NA,0,0,0.688,0,0.070411816,NA,0.102557893,0.30869306,68.94544182,663.205652,3.55829716,24.0041447,27.37,37.492,-0.731858348
2007,7,32.70967742,-5.605612297,8.177394224,19.22580645,42.31,3.433367186,NA,0,0,0.519,0,0.34609077,NA,0.279751185,0.517571196,80.71836219,653.430184,3.80244994,21.7796268,26.71,34.657,-0.923238232
2007,8,33.48387097,-6.154514733,9.32234325,19.19354839,27.62,3.642609154,NA,0,0,NA,0,NA,NA,NA,NA,81.7648824,625.794508,4.34718227,20.758234,26.14,NA,-1.210920774
2007,9,32.8,-6.582570769,8.594618936,18.66666667,56.4,3.547744293,NA,0,0,0.458,0,0.458739533,NA,0.340423253,0.583338644,80.6790569,596.8438671,3.79049206,19.8663273,25.61,25.099,-1.025286847
2007,10,32.41935484,-7.391340718,8.495321333,17.14516129,6.29,3.672737318,NA,0,0,NA,0,NA,NA,NA,NA,74.99053999,601.8263396,4.58692503,18.8456364,25.32,NA,-0.994040681
2007,11,32.4,-6.756321839,8.872626649,16.15,0.3,3.835369092,NA,0,0,0.747,0,0.127075886,NA,0.08,0.271907523,64.56316383,567.171152,4.24019909,18.9042912,25.17,26.68,-1.186692693
2007,12,32.25806452,-6.293756216,9.12805398,15.69354839,0.31,3.857525212,1,2.281,0,0.776,0,0.036723617,NA,0.05,0.217504494,56.1702456,552.049112,3.76126122,19.6118107,25.01,28.336,-1.254653758
2008,1,20.93548387,-2.214170065,-0.48,11.67741935,0,1.676206264,1,0.253,0,0.809,0,0.008260614,NA,0.038414283,0.191305085,49.45718105,590.896256,4.48293066,19.0631962,24.86,30.509,-1.299774519
2008,2,23.75862069,0.57146042,0.65300888,15.43103448,0.02,2.212431169,1,0.253,0.003921569,0.813,0.000181051,-0.00874265,NA,0.04,0.184314057,39.21295899,628.208602,4.26223373,21.6868839,25.08,36.054,-1.562149766
2008,3,28.41935484,0.855188359,3.224969547,18.62903226,0,3.108727647,NA,0,0.007843137,0.845,0.000362102,-0.005922403,NA,0.029046413,0.166782359,39.11447805,740.3460384,4.80412197,22.7875614,26.07,38.348,-1.8586902
2008,4,29.7,1.597755486,2.959155964,20.75,0.03,3.169311499,1,0.253,4.82745098,0.848,0.222874006,-0.008875869,0.017,0.02,0.153571297,46.64017953,719.032998,4.15042162,25.6068363,26.83,37.581,-2.065907636
2008,5,28.96774194,1.065274582,1.626987332,20.61290323,0.01,2.810349636,NA,0,0,0.775,0,0.016197071,NA,0.06,0.230587656,54.12264399,742.306178,3.99776053,25.3186283,27.09,40.151,-2.225522403
2008,6,26.28333333,0.496417066,1.159247808,19.11666667,25.36,2.005033257,NA,0,0,0.664,0,NA,NA,NA,NA,74.56157517,609.379448,3.66384792,21.6352787,27.04,NA,-2.101495528
2008,7,24.77419355,0.475032869,0.241910354,18.2983871,99.87,1.646006252,NA,0,0,0.351,0,0.517704179,NA,0.444385837,0.679107196,81.7925342,605.639696,3.85178947,20.052515,26.99,27.643,-1.971259996
2008,8,26.12903226,0.716453011,1.96750454,18.9516129,153.2,1.832511956,NA,0,0,0.378,0,NA,NA,NA,NA,83.73192027,631.13432,3.90486598,21.0639286,26.72,NA,-1.797303277
2008,9,24.36666667,0.700762568,0.161285606,18.09166667,105.37,1.540730183,NA,0,0,0.494,0,NA,NA,NA,NA,85.90191968,492.8225375,4.58628559,19.5136662,26.47,NA,-1.468810991
2008,10,25.19354839,1.09253025,1.269514883,17.77419355,18.1,1.947337011,NA,0,0,0.591,0,0.289719262,NA,0.206882378,0.443302156,77.04242065,588.9738679,4.71851826,19.0059757,26.37,28.395,-1.349832802
2008,11,23.7,-0.756321839,0.17,14.8,0,2.005889519,NA,0,0,0.695,0,0.122676889,NA,0.09,0.29,59.27337669,603.950076,4.30041647,19.6528568,26.25,27.94,-1.306519816
2008,12,23.41935484,-0.713111055,0.2893443,14.06451613,0,2.060524277,1,2.008,3.141176471,0.776,0.145021998,0.041415686,NA,0.04,0.203705014,50.93235295,604.461608,3.79058623,20.1413822,25.74,26.739,-1.304200085
2009,1,23.06451613,0.75357187,1.646034689,14.22580645,15.12,1.932790213,1,4.659,0,0.769,0,0.005093399,NA,0.043676074,0.20294681,53.55130345,566.604508,3.85526419,19.7819462,25.66,28.712,-1.313611599
2009,2,22.75,-0.067702142,-0.36,14.60714286,19,1.985840138,1,6.59,2.482352941,0.778,0.114605399,-0.022676243,NA,0.040615252,0.2,44.39090792,626.686214,4.44463015,21.9767399,25.96,34.673,-1.183781247
2009,3,27.4516129,0.629381908,2.257227607,18.03225806,63.21,2.914301341,1,1.014,3.698039216,0.807,0.170731266,-0.055861199,NA,0.03,0.171307048,37.58332001,772.6748823,4.58094215,23.6597538,26.59,41.873,-0.819017173
2009,4,28.96666667,1.764422156,2.225822634,20.46666667,25.43,3.186908829,1,1.436,3.121568627,0.797,0.144116742,-0.060700406,0.066,0.03,0.176606026,35.43974056,793.126702,4.8184123,26.284296,27.47,49.407,-0.710829982
2009,5,28.19354839,1.291081032,0.852793782,20.33870968,43.45,2.768986692,1,0,4,0.786,0.184672207,-0.072406053,NA,0.03,0.169969596,46.64668116,714.954126,3.9616642,24.9428349,27.99,49.112,-0.457354081
2009,6,27.76666667,1.213083736,2.642581147,20.21666667,108.33,2.428059412,NA,0,0,0.824,0,0.007012089,NA,0.04,0.187585068,60.18104188,689.771508,3.76515222,23.5648746,28.04,25.741,-0.230758778
2009,7,27.29032258,0.846000609,2.76,19.74193548,63.82,2.136834216,NA,0,0,0.494,0,0.322078612,NA,0.299597992,0.537244172,75.93811078,703.9286,3.91019654,22.6282291,27.78,37.045,-0.491229028
2009,8,26.96774194,0.780969141,2.80621422,19.40322581,175.73,2.055146396,NA,0,0,0.428,0,0.460572087,NA,0.395214168,0.636494873,78.3484007,657.797652,3.86412764,22.4145451,27.42,26.614,-0.352302703
2009,9,24.7,1.317429228,0.494618936,18.56666667,158.62,1.530575388,NA,0,0,0.356,0,0.558525696,NA,0.444951565,0.680647633,85.29139612,518.9269825,4.23501825,19.9519291,27.4,24.658,-0.015309529
2009,10,25.87096774,2.70543348,1.946934233,18.91935484,57.33,1.863482752,NA,0,0,0.489,0,NA,NA,NA,NA,79.42993195,564.047037,3.9028182,20.0372257,27.6,NA,0.185853325
2009,11,22.8,1.010344828,-0.73,15.23333333,1.21,1.652737437,NA,0,0,0.716,0,0.173786702,NA,0.133186815,0.357760033,70.2387582,522.784808,4.14208412,18.0745182,28.16,20.145,0.251227758
2009,12,22.80645161,1.609469591,-0.32,14.91935484,3.03,1.748607823,16,95.592,0,0.674,0,0.112238098,NA,0.110378822,0.322906349,65.07645507,516.825808,4.36878586,18.2006168,28.34,30.116,0.245259838
2010,1,21.51612903,0.882604128,0.1,13.51612903,23.52,1.60326383,1,1.859,0,0.851,0,-0.020109923,NA,0.030045587,0.171227457,68.45570625,490.460428,4.80566883,16.7311649,28.07,2.583,0.299374113
2010,2,22.73214286,-0.978416427,-0.37,14.14285714,79.62,1.808407151,3,1.521,0,0.673,0,-0.018330978,NA,0.08,0.280915822,64.10727506,550.866706,5.96782446,17.2484379,28.01,26.705,0.583566501
2010,3,26.70967742,1.016478682,1.515292127,17.85483871,0.4,2.718874221,1,1.69,0,0.72,0,0.011539476,NA,0.08,0.281530203,39.40713294,778.7067799,5.34365368,22.7116032,28.18,32.139,0.288832238
2010,4,27.7,1.197755486,0.959155964,19.55,18,2.815788553,1,0.929,0,0.772,0,0.010672531,-0.08,0.09,0.288311935,41.57494826,767.148664,4.70536852,24.3326664,28.2,34.483,0.243556739
2010,5,31.5483871,0.274952002,4.207632492,21.50806452,20,3.599625389,NA,0,0,0.745,0,-0.027271842,NA,0.057512058,0.233569598,41.8221033,780.76688,3.89694142,26.8292484,27.71,46.096,0.066214323
2010,6,29.6,0.979750396,4.475914478,21.01666667,45.2,2.776325043,NA,0,0,0.726,0,0.011678979,NA,0.08,0.268817836,61.46215852,676.27322,3.99191403,24.917841,27.04,38.47,-0.4303953
2010,7,24.48387097,1.265355449,-0.05,18.5483871,198.21,1.476066432,NA,0,0,0.73,0,NA,NA,NA,NA,85.2761979,549.61982,4.35660267,19.991785,26.22,NA,0.349288773
2010,8,26.09677419,0.555162691,1.94,18.85483871,75.5,1.829434459,NA,0,0,0.431,0,0.46684467,NA,0.34,0.58867717,81.56322182,612.85144,4.48406029,20.1794376,25.47,3.39,-0.135634878
2010,9,27.33333333,-0.749237432,3.127952266,18.85,60.9,2.114170966,NA,0,0,0.43,0,NA,NA,NA,NA,84.2098799,536.3787303,4.47998238,19.367487,25.12,NA,-0.611252724
2010,10,27.96774194,-3.197792331,4.043708433,17.01612903,0,2.687669317,NA,0,0,0.708,0,0.140110104,NA,0.10359276,0.314600361,62.26568526,687.9771046,4.40715408,19.7944279,25.03,36.571,-0.746023597
2010,11,25.96666667,-3.989655172,2.439293319,14.31666667,30,2.509741563,NA,0,0,0.754,0,0.033597524,NA,0.054305608,0.227339872,49.69981318,603.504432,3.94229102,19.219141,25.06,33.726,-0.519152058
2010,12,20.13793103,-3.819340198,-2.99,NA,17.5,1.746211201,1,0.487,0,0.745,0,0.005449128,NA,0.050322083,0.21890245,40.12691713,616.846444,4.16621161,18.4067936,25,30.04,-0.44104611
2011,1,24.06896552,-1.323180076,2.650484079,12.80645161,0,2.320058586,1,1.267,1.619607843,0.79,0.074774139,0.008215456,NA,0.04307964,0.202732736,41.3146609,618.864916,4.51248741,19.5342045,25,32.349,-0.590244303
2011,2,26.39285714,-2.817702142,3.28724533,15.05357143,8.02,2.650834882,1,0.676,0,0.835,0,-0.006768216,NA,0.031795352,0.17394456,43.10632592,610.54242,4.56565857,21.8369083,25.64,36.384,-1.018276411
2011,3,27.25806452,-4.596424544,2.063679227,15.32258065,13.81,2.918099324,1,0.76,1,0.82,0.046168052,-0.020151832,NA,0.03,0.182796379,34.61100936,777.5107052,4.25241518,23.8994083,26.36,41.912,-0.853333848
2011,4,31.55172414,-5.133278997,4.810880104,17.7,43.5,3.624945899,1,0.155,0,0.806,0,-0.033879199,0.058,0.03,0.182177891,44.93034133,748.431972,4.25108147,26.4272099,27.05,44.084,-0.709867339
2011,5,29.35483871,1.533016512,2.014084102,21.04032258,10.5,2.95521719,NA,0,0,0.798,0,-0.045367141,NA,0.03,0.174546791,46.9184203,789.102698,4.344244,27.1955814,27.41,48.885,-0.706338851
2011,6,28.43333333,-2.903582934,3.309247808,18.49166667,131.3,2.764458028,NA,0,0,0.78,0,-0.04944495,NA,0.03,0.176336187,50.46519425,685.229508,4.2867465,23.7732487,27.35,48.884,-0.332956621
2011,7,28.48275862,-2.813065022,3.950475424,17.31451613,251.01,2.34396091,NA,0,0,0.476,0,NA,NA,NA,NA,83.97754433,573.31772,4.20552921,19.8558903,26.87,NA,-0.060425437
2011,8,25.03333333,1.675592791,0.87180561,18.27419355,87.5,1.658523599,NA,0,0,0.412,0,0.422280406,NA,0.373386563,0.605185015,79.13999722,664.35621,3.88576555,21.1051884,26.21,37.256,0.085418577
2011,9,24.06666667,1.234095898,-0.14,18.20833333,57.9,1.66525829,NA,0,0,0.41,0,0.515712666,NA,0.395508519,0.63,73.48054246,624.4303152,4.21240711,19.9830875,25.92,22.215,0.113667498
2011,10,23.66129032,0.221562508,-0.26,16.57258065,75.5,1.80304806,NA,0,0,0.528,0,0.364736,NA,0.265175137,0.505316068,67.33967213,623.6027319,4.39507866,19.5641422,25.67,28.221,0.506135013
2011,11,23.76666667,2.093678161,0.239293319,16.25833333,14.5,1.842258354,NA,0,0,0.626,0,0.11553366,NA,0.127086496,0.341984811,65.46533331,540.547132,3.7706306,19.7661991,25.52,29.757,0.460157309
2011,12,23.29032258,0.17398572,0.16031204,14.44354839,5.3,1.958697173,2,3.886,0,0.728,0,0.058970359,NA,0.07,0.250531329,52.66136082,578.678672,3.66218042,20.2221928,25.54,26.138,0.403442078
2012,1,21.91935484,2.527765419,0.500873399,14.54032258,7.3,1.786230209,1,2.241,0,0.762,0,0.037707996,NA,0.05,0.224112351,52.43952969,558.749824,4.03590679,18.5904484,25.67,14.823,0.415270864
2012,2,21.51724138,2.381805247,-1.59,15.21551724,39.6,1.529536509,1,0.676,0,0.742,0,-0.002707054,NA,0.06,0.231792283,63.78099485,520.62422,3.88085008,18.9471684,26.08,30.918,0.540055775
2012,3,24.72580645,1.677769005,-0.47,17.19354839,18.2,2.20297959,1,0.929,0,0.742,0,-0.025691693,NA,0.057861239,0.231929553,47.3339239,710.7153955,4.0020957,22.9437199,26.67,39.951,0.501978678
2012,4,25.08333333,0.397755486,-1.66,17.84166667,16.5,2.427236961,1,0.169,1.82745098,0.749,0.084369851,-0.039942067,0.078,0.05,0.222110704,36.6304382,767.505944,4.46049595,23.9831486,27.32,43.971,0.352144554
2012,5,26.80645161,1.516887482,-0.53,19.75806452,25.2,2.491275993,NA,0,0,0.8,0,-0.033310268,NA,0.039940429,0.192053807,47.38243585,766.023156,4.04086399,25.058588,27.61,44.738,0.458319976
2012,6,25.26666667,1.096417066,0.142581147,18.90833333,143.7,1.871447879,NA,0,0,0.74,0,-0.049058791,NA,0.04,0.195701894,66.25546028,626.896824,3.56249309,23.0133305,27.75,47.091,0.412742587
2012,7,23.74193548,0.749226409,-0.79,17.91935484,158,1.465101082,NA,0,0,0.409,0,0.465452618,NA,0.40097807,0.638063433,81.14252037,635.38137,3.79526615,20.2579594,27.54,25.648,-0.076299749
2012,8,23.48387097,1.861614301,-0.68,18.2016129,176.8,1.389772237,NA,0,0,0.326,0,0.535264485,NA,0.464783299,0.696603297,80.5777744,597.683408,4.14400148,19.8151188,27.32,30.802,0.561907721
2012,9,24.55,1.217429228,0.344618936,18.44166667,55,1.666562593,NA,0,0,0.424,0,0.526825688,NA,0.388810659,0.62772885,76.99350757,583.0831813,3.93666482,19.9987431,27.1,25.003,0.48878921
2012,10,23.33870968,1.30220767,-0.59,16.9516129,10.5,1.711456449,NA,0,0,0.577,0,0.303069453,NA,0.21418937,0.452056499,61.96325322,658.7352346,3.70235682,20.4527225,26.98,31.254,0.18581902
2012,11,22.55,1.977011494,-0.98,15.59166667,4.5,1.696452848,NA,0,1.470588235,0.801,0.067894194,0.059124369,NA,0.053239559,0.226082865,62.34670754,528.222888,4.001297,18.9318485,26.86,19.427,0.22776864
2012,12,21.30645161,2.722372816,-1.82,14.72580645,184.2,1.719737388,4,8.776,0,0.748,0,0.030763457,NA,0.06,0.228890282,46.11269217,596.699476,4.17721891,20.1700077,26.34,31.705,0.985260555
2013,1,22.16129032,3.221313806,0.742808879,15.00806452,0,1.774050509,1,5.999,0,0.838,0,0.05662451,NA,0.03,0.173325899,53.93253517,549.342136,3.89316034,19.2688541,26.01,13.678,0.957828263
2013,2,24.94642857,2.557297858,1.84081676,17.01785714,0,2.440453239,3,24.078,0,0.82,0,0.008901847,NA,0.04,0.183959332,36.11259723,642.967324,4.50113249,23.2088871,26.24,32.925,0.767010214
2013,3,22.11290323,1.129381908,-3.08,15.61290323,0,1.918428331,1,4.309,0,0.838,0,-0.034412435,NA,0.027940702,0.16244664,39.87925367,719.0892759,4.77361059,22.4713078,27.03,42.208,0.727394535
2013,4,25.46666667,2.264422156,-1.27,18.96666667,28.3,2.454011609,1,0.169,12,0.802,0.55401662,-0.051297867,0.059,0.03,0.180066369,34.82049388,759.606796,4.76086426,26.2439213,27.57,48.419,0.730966424
2013,5,26.53225806,1.678177802,-0.81,19.7016129,87.7,2.346936481,NA,0,0,0.792,0,-0.038344499,NA,0.03,0.179448586,51.5812281,728.004906,3.96802855,25.2578068,27.53,44.421,0.992025011
2013,6,24.05,1.013083736,-1.07,18.25833333,108,1.612166876,NA,0,0,0.618,0,0.101929788,NA,0.159442774,0.381053245,68.09139186,664.04118,3.64170122,22.6092777,27.3,NA,0.835501211
2013,7,24.87096774,1.507290929,0.338684544,18.86290323,94.51,1.665220767,NA,0,0,0.44,0,0.454429163,NA,0.366892701,0.605431318,77.91894817,659.47027,3.43577814,21.0584049,26.91,21.237,0.467196684
2013,8,20.74193548,0.861614301,-3.42,16.33064516,118,0.98568767,NA,0,0,0.467,0,0.428110091,NA,0.336069455,0.576937685,77.76171438,649.72564,4.10043097,20.6816044,26.47,24.109,0.287472441
2013,9,19.23333333,1.217429228,-4.97,15.78333333,93.4,0.669081949,NA,0,0,0.438,0,NA,NA,NA,NA,85.80252805,461.6308918,4.08444786,19.089838,26.54,28.906,0.554809105
2013,10,18.4516129,2.10865928,-5.47,14.91129032,72.1,0.707650715,NA,0,0,0.492,0,0.417366581,NA,0.299378802,0.541516074,78.74737542,561.7740023,3.68992877,19.4626713,26.52,24.598,0.84425888
2013,11,19.81666667,2.193678161,-3.71,14.33333333,56,1.062091635,NA,0,0,0.614,0,0.18019559,NA,0.169475594,0.400870172,79.19706415,479.159084,4.06151772,17.8323917,26.56,29.619,1.100778893
2013,12,NA,NA,NA,NA,NA,NA,1,0.591,0,0.662,0,0.081730334,NA,0.117031663,0.331282762,66.98384946,531.276492,3.82364249,18.449091,26.43,NA,0.547820647
2014,1,21.43548387,1.334217031,0.02,13.7016129,5.5,1.665252365,1,3.464,0,0.716,0,0.021554177,NA,0.07,0.257784805,58.07859008,565.0759,3.97316813,17.3030338,26.05,28.523,0.604317292
2014,2,21.57142857,1.771583573,-1.53,14.9375,6,1.783646228,1,1.774,0,0.752,0,0.012635144,NA,0.06,0.232625151,39.54566537,632.273054,3.767941,21.7534122,26.14,34.614,0.67475233
2014,3,22.96774194,2.645510942,-2.23,16.7983871,10.6,1.885524518,1,0.169,0,0.756,0,0.011388901,NA,0.06,0.232832725,44.21467942,738.8484295,4.6482172,23.4172001,27,42.157,0.684435834
2014,4,21.58333333,0.097755486,-5.16,15.94166667,49,1.568954904,1,0.422,0,0.748,0,0.00103031,0.037,0.06,0.229424961,46.05353409,695.272252,4.17883587,24.7987614,27.9,47.268,0.854867963
2014,5,20.29032258,-0.015370588,-7.05,15.73387097,62.7,1.187855232,NA,0,0,0.763,0,NA,NA,NA,NA,56.67917905,657.137216,3.64910913,22.8562565,28.25,NA,0.850733007
2014,6,21.95,1.996417066,-3.17,17.7,116.4,1.085521726,NA,0,0,0.53,0,0.233918857,NA,0.242699995,0.473736437,79.392054,576.664668,3.87887239,21.0360355,27.96,38.472,0.897136458
2014,7,21.79032258,0.458903829,-2.74,16.7983871,126.8,1.131600332,NA,0,0,0.412,0,0.462119488,NA,0.387971794,0.624760522,79.02574142,656.298418,3.60482168,20.226038,27.23,NA,1.227613895
2014,8,17.75806452,0.861614301,-6.4,14.83870968,88.6,0.56201657,NA,0,0,0.406,0,0.463106239,NA,0.387589288,0.624773891,77.36438377,672.672522,3.49368525,20.7150211,26.82,17.599,1.170095604
2014,9,23.66666667,0.550762568,-0.54,,112.8,1.408525207,NA,0,0,0.526,0,0.381711197,NA,0.213704209,0.449802406,82.48301318,540.7497703,4.03918743,19.7144413,27.01,,1.117874301
2014,10,18.58064516,1.73769154,-5.34,14.79032258,66,0.749618854,NA,0,0,0.52,0,0.327001224,NA,0.26912847,0.51102906,80.97388753,539.9283493,4.10414648,18.8105412,27.16,15.047,1.015151358
2014,11,19.8,1.760344828,-3.73,14.10833333,0,1.139341763,NA,0,0,0.619,0,0.192916168,NA,0.167043849,0.399395829,70.00458174,519.540448,3.89513135,18.7133732,27.46,31.322,0.864657214
2014,12,21.51612903,1.722372816,-1.61,14.33064516,0,1.556491375,1,2.873,0,0.678,0,0.065909953,NA,0.09,0.29727695,62.13182877,516.568424,3.93857551,18.1805058,27.31,26.307,0.761127901
2015,1,21.26666667,1.933141763,-0.15,13.46774194,5.5,1.602422983,4,2.3,0,0.735,0,0.018259186,NA,0.07,0.25861941,56.90741981,552.36906,4.24087191,18.1680851,27.05,27.256,0.76209258
2015,2,22.31481481,2.171715848,-0.79,14.95535714,0,1.841408222,1,7,0,0.724,0,-0.02032343,NA,0.06,0.236333843,48.78335795,573.249026,4.24281931,20.4215946,27.17,39.041,0.72220454
2015,3,21.4516129,1.935833521,-3.74,15.68548387,80.1,1.509696379,1,4,0,0.726,0,0.001579487,NA,0.07,0.259612856,56.25388968,656.8585938,4.12911034,20.8673649,27.75,37.551,1.031706825
2015,4,24,-1.040954191,-2.74,NA,39.5,1.835101738,1,0.25,0,0.703,0,0.066895192,-0.028,0.108732424,0.318834176,51.03962006,715.094868,4.09118414,24.2201481,28.52,44.303,1.030538025
2015,5,16.51612903,0.484629412,-10.82,14.09677419,125,0.49646576,0,0,0,0.577,0,0.202003153,NA,0.209048023,0.446156928,66.22817087,667.285424,3.26348901,22.8765202,28.85,34.588,1.309863978
2015,6,19.0862069,1.218830856,-6.04,15.35,94,0.708103075,0,0,0,0.51,0,0.382063801,NA,0.323434753,0.563635667,76.04340541,624.950612,3.34672213,21.7218876,28.9,28.51,1.363320274
2015,7,18,0.813742539,-6.53,15.08064516,110.7,0.561818566,0,0,0,0.483,0,0.374238171,NA,0.307413588,0.548340445,78.56672662,675.82355,3.78644967,21.4176884,28.75,NA,1.425796085
2015,8,17.41935484,1.168065911,-6.74,14.82258065,81.9,0.492064086,0,0,0,0.5,0,0.369361425,NA,0.31,0.55,77.49148239,669.546342,3.75268674,21.9338932,28.79,30.675,1.413256989
2015,9,NA,NA,NA,NA,NA,NA,0,0,0,0.52,0,0.32251161,NA,0.273187621,0.515013983,81.78893303,539.2408854,3.45050502,20.3386478,28.93,31.741,0.98361333
2015,10,NA,NA,NA,NA,32.01,NA,0,0,0,0.71,0,NA,NA,NA,NA,76.99587265,557.000584,4.85641861,20.3215885,29.08,NA,0.79889916
2015,11,23.16666667,-0.639655172,-0.36,NA,2.5,1.415611508,0,0,0,0.633,0,0.053703528,NA,0.09,0.291097342,79.39966295,486.867408,3.77168202,20.3891239,29.42,29.929,0.863322565
2015,12,NA,NA,NA,NA,NA,NA,1,0.25,1,0.726,0.046168052,-0.015360842,NA,0.07,0.248443707,72.87155304,505.653104,3.9038074,20.3854923,29.26,26.619,0.922526469
2016,1,21.06451613,1.511636386,-0.35,13.60483871,10.5,1.608803277,0,0,0,0.703,0,-0.041670713,NA,0.07,0.254872149,59.65913022,526.254256,4.57834435,18.2404728,29.11,NA,0.956746625
2016,2,20.05172414,0.847322489,-3.05,13.71551724,0,1.521331386,2,5.4,0,0.754,0,-0.054328192,NA,0.04,0.202538141,48.17259057,627.509778,4.2378583,20.9709415,29.01,33.14,0.993439169
2016,3,21.70967742,1.693898037,-3.48,15.69354839,29.3,1.636016931,1,5.45,0,0.738,0,-0.033577569,NA,0.06,0.241779353,52.63259125,686.9197586,5.33951521,21.9220829,28.9,NA,0.779315574
2016,4,27.85,1.081088816,1.109155964,19.56666667,25,2.780167311,1,0.5,0,0.768,0,-0.046404941,-0.022,0.04,0.20032312,42.79198102,762.153514,4.37645912,26.0479679,28.72,48.12,0.552261296
2016,5,31.16129032,1.178177802,3.820535712,21.76612903,105.3,3.198844621,0,0,0,0.753,0,-0.033425108,NA,0.06,0.232719441,58.96816391,709.26182,3.66994739,27.1563358,28.23,45.925,0.161369942
2016,6,27.2,0.196417066,2.075914477,19.425,151,2.12174707,0,0,0,0.49,0,0.368695627,NA,0.314760216,0.550686496,76.11050022,625.983312,3.51034331,22.0031986,27.69,NA,0.202155239
2016,7,27.41935484,-0.008838101,2.887071644,19.37903226,111.3,2.120588736,0,0,0,0.394,0,0.48439239,NA,0.406985618,0.64,78.95572682,674.410922,3.8955524,21.811182,26.82,28.964,0.037298808
2016,8,27.77419355,1.039033651,3.61266583,19.93548387,68,2.161427346,0,0,0,0.494,0,NA,NA,NA,NA,81.05289039,641.246538,3.78632832,20.9707584,26.28,NA,-0.18051343
2016,9,26.76666667,0.817429228,2.561285606,19.35,172.5,2.000714312,0,0,0,0.454,0,0.457159376,NA,0.373356867,0.610604087,79.88319111,564.5488586,3.61644745,20.1490116,26.14,30.739,0.316483993
2016,10,26.43548387,0.560272185,2.51,18.12903226,4.5,2.104182706,0,0,0,0.521,0,0.329436386,NA,0.272164129,0.51,76.37767241,565.3340924,4.34548378,19.8407536,25.98,12.112,0.102092136
2016,11,22.95,1.543678161,-0.58,15.575,41,1.571525559,0,0,0,0.59,0,0.080859035,NA,0.154825083,0.380196666,77.25915738,483.219432,3.88089347,18.5643559,25.94,30.681,0.315265209
2016,12,24.51612903,3.061082494,1.38611849,16.5,4.5,1.980537013,0,0,0,0.632,0,0.053682245,NA,0.131161213,0.350274019,65.22881212,535.162388,4.07282495,20.0316105,26.1,19.756,0.240509254
2017,1,24.56451613,0.882604128,3.146034689,15.04032258,0,2.295604685,0,0,0,0.727,0,0.004535618,NA,0.07,0.261611263,47.8675766,628.69345,3.96721768,20.8156681,26.12,29.54,0.146198107
2017,2,25.35714286,1.110869287,2.25153105,16.5,0,2.463246081,3,2.04,0,0.745,0,-0.013022133,NA,0.06,0.237874043,42.04478017,631.941204,4.39079475,22.010004,26.67,NA,0.062341957
2017,3,26.67741935,0.742285134,1.483034057,17.7016129,44.7,2.562948961,3,46.95,0,0.772,0,-0.047943841,NA,0.052788003,0.224195016,48.69277032,712.8284562,3.99189019,22.8131046,27.32,38.684,0.075227974
2017,4,29.36666667,0.581088816,2.625822634,20.075,13.5,3.261380877,1,1,0,0.768,0,-0.053988515,0.055,0.040719469,0.195797889,38.37535967,759.119142,4.34240484,25.392725,28.03,45.676,-0.05262452
2017,5,30.90322581,1.694306832,3.562471202,21.89516129,50,3.167209348,0,0,0,0.773,0,-0.035473506,NA,0.05,0.214160784,56.31665935,717.93462,3.86031222,26.6396732,28.3,41.431,-0.337358434
2017,6,29.08333333,1.546417066,3.959247807,21.04166667,90.2,2.658733275,0,0,0,0.597,0,0.256927645,NA,0.233179216,0.467954265,61.92881685,665.293846,3.47974396,24.2731876,28.06,NA,-0.825424557
2017,7,25.96774194,-0.331418751,1.435458744,18.49193548,220,1.808397354,0,0,0,0.493,0,0.307510603,NA,0.242624148,0.481665588,81.94399494,629.240964,3.47789526,21.3451786,27.54,NA,-0.288066169
2017,8,27.72580645,1.829356231,3.56427873,20.30645161,113,2.160480842,0,0,0,0.391,0,0.476518875,NA,0.399461896,0.635122803,79.81142274,642.478238,3.78292966,21.9117374,26.7,NA,0.017170284
2017,9,25.9,0.967429228,1.694618936,18.99166667,47.5,1.809754416,0,0,0,0.425,0,0.463347912,NA,0.403824431,0.640858785,81.72342651,524.0559132,4.14577866,19.7579594,26.29,27.53,-0.598365737
2017,10,25.68333333,1.25435821,1.759299823,17.51612903,20,1.93991707,0,0,0,0.539,0,0.387435172,NA,0.295289229,0.537172812,77.05053879,559.2978789,4.87310076,19.3657169,26.15,31.308,-0.430027356
2017,11,28.34482759,-1.414942529,4.817454239,16.23333333,3.5,2.949203299,0,0,0,0.607,0,0.185939585,NA,0.169390146,0.39944521,54.57554066,628.941228,3.9616394,19.4602909,25.74,29.24,-0.599249647
2017,12,28.4,-4.722788474,5.26998946,14.08064516,0,3.050682206,3,6.35,1,0.725,0.046168052,0.104424508,NA,0.09,0.288854282,52.00589371,600.754764,3.91081429,19.4201298,25.62,25.159,-0.593206743
2018,1,23.43548387,-0.89158942,2.017002429,13.58870968,27.5,2.090694457,5,1.25,0,0.786,0,0.069305813,NA,0.06,0.236687797,53.39410845,557.368056,4.2995286,18.0943241,25.57,27.191,-0.419200434
2018,2,25.92857143,2.057297858,2.82295962,17.25892857,6.5,2.293651855,2,7,0,0.789,0,0.04099638,NA,0.050982058,0.220837384,57.12730328,559.916548,3.68051052,21.5631046,25.97,31.098,-0.427862467
2018,3,30.43548387,2.258414162,5.241098577,20.33870968,9,3.44155802,2,2.5,0,0.758,0,-0.006253486,NA,0.056634718,0.232327813,42.18953051,746.6703918,4.20772362,24.8470097,26.48,31.409,-0.71475528
2018,4,29.4,1.347755486,2.659155964,20.475,66,3.029586302,3,6.57,1,0.769,0.046168052,-0.020689595,0.082,0.05,0.2252968,50.28561961,698.966298,3.97042966,24.8264103,27.31,38.058,-0.497334996
2018,5,29.74193548,0.436242322,2.401180872,20.68548387,120,3.10351924,0,0,0,0.574,0,0.228919053,NA,0.233080973,0.467670807,48.29129223,756.72271,3.84024405,25.7430973,27.73,36.79,-0.07908269
2018,6,26.23333333,0.863083736,1.109247808,19.275,137.5,1.97007136,0,0,0,0.565,0,0.313346148,NA,0.284335828,0.52406645,70.38120699,627.53462,4.09955788,22.1856022,27.77,28.563,0.101676203
2018,7,27.08064516,0.023419959,2.548361964,19.22580645,63,2.131671557,0,0,0,0.444,0,0.425723013,NA,0.351676508,0.591621272,73.36349505,723.78092,3.661309,23.1115055,27.42,26.084,-0.749245784
2018,8,27.56451613,0.716453011,3.40298841,19.66935484,231.5,2.162319223,0,0,0,0.481,0,0.438998195,NA,0.316408327,0.559606875,81.84194458,616.364406,3.52251196,21.0700932,26.94,20.538,-0.045311282
2018,9,28.06666667,0.567429228,3.86,19.875,188,2.257227184,0,0,0,0.414,0,0.488353025,NA,0.383037248,0.62270928,80.34196957,588.2132506,3.51425338,20.7623539,27.19,NA,0.667552495
2018,10,27.2,0.18769154,3.275966493,NA,19.3,2.133200762,0,0,0,0.482,0,0.349289376,NA,0.27994544,0.520869139,81.25091279,525.1691169,4.17299938,19.8816166,27.62,NA,0.621787261
2018,11,26.35,2.510344828,2.822626649,17.75833333,55,2.168059675,0,0,0,0.653,0,0.266260871,NA,0.170789575,0.404812942,74.74299509,507.920512,3.40136671,19.5319157,27.61,9.73,0.860267955
2018,12,25.83870968,0.4643083,2.71,15.86290323,4,2.30453412,0,0,0,0.631,0,0.14200929,NA,0.153619279,0.380541729,65.87711654,555.3986,3.99735689,19.602747,27.49,25.853,0.872543796
2019,1,25.93548387,0.092281548,4.517002429,15.33064516,17,2.470616123,2,3.92,0,0.679,0,0.045020478,NA,0.09,0.292671381,54.11325536,588.011128,4.11473513,19.8919926,27.19,26.519,0.800654015
2019,2,30.46428571,1.914440715,7.3586739,19.45535714,2.5,3.440380313,1,15.61,2.415686275,0.724,0.111527529,0.046252414,NA,0.08,0.275994539,48.15422659,610.060808,4.28017187,23.341547,27.46,34.172,0.727862974
2019,3,30.9516129,1.742285134,5.757227607,20.33870968,19.5,3.538931155,0,0,0,0.73,0,0.029085906,NA,0.07,0.261490466,43.51698287,767.0092148,4.43241453,25.5419254,28.09,38.318,0.768522234
2019,4,31.70689655,1.677755486,4.966052514,21.067,22.6,3.819200836,1,1,0,0.75,0,0.019342776,0.015,0.058170542,0.23393413,37.75695893,778.854554,4.80577707,26.8675175,28.44,41.773,0.501502735
2019,5,33.63333333,1.757210062,6.292578722,22.54032258,45.5,4.19324057,5,36.5,5.698039216,0.825,0.263067369,-0.02296751,NA,0.03,0.179209292,40.70253322,805.574242,4.41831636,28.2624149,28.48,43.323,0.005635932
2019,6,27.89655172,0.580899826,2.772466198,19.3,210.5,2.293513116,0,0,0,0.642,0,NA,NA,NA,NA,68.7875635,645.117184,3.93181753,24.0899906,28.18,NA,0.229351933
2019,7,25.71096774,1.394387699,1.178684544,19.22645161,325.5,1.774437572,0,0,0,0.438,0,0.41780077,NA,0.353309357,0.591225544,79.21909338,655.242778,3.31299591,21.7909184,27.64,27.023,1.757431272
2019,8,27.53225806,0.329356231,3.37073034,19.45967742,192,2.116240464,0,0,0,0.376,0,0.530868876,NA,0.438991493,0.675011091,78.85678618,704.087204,3.6072166,22.547205,26.9,25.637,1.550738562
2019,9,26,0.234095898,1.79,18.675,135,1.850461681,0,0,0,0.443,0,0.473853117,NA,0.36495748,0.6,78.94861331,582.2457929,3.66601372,21.566309,26.75,31.092,1.144924272
2019,10,26.36666667,1.53769154,2.442633163,17.98387097,67.8,1.935219616,0,0,0,0.605,0,0.454083417,NA,0.293263171,0.535670963,81.35719681,530.9455742,4.05567455,20.5140934,27.2,21.1,1.227691012
2019,11,27.21666667,3.077011494,3.689293319,18.475,36.5,2.265012061,0,0,0,0.621,0,0.154068669,NA,0.160748768,0.391263751,74.79475172,519.00154,3.69683862,20.8331242,27.22,28.554,1.189146216
2019,12,25.40322581,1.141727655,2.27321527,15.98387097,0,2.211150439,2,1.2,0,0.68,0,0.059438623,NA,0.1,0.305770385,61.05428668,552.521236,3.62796545,20.4882755,27.12,25.732,1.209996559
2020,1,32,-1.504492646,10.58151856,17.56451613,6.52,3.813251354,10,10.34,2,0.755,0.092336103,0.048515981,NA,0.06,0.241240322,57.28693331,579.3646,4.41450834,19.7889957,27.15,24.363,1.142802028
2020,2,28.38333333,5.451345474,5.27772152,NA,20.02,2.890431718,6,13.34,0,0.702,0,-0.022473967,NA,0.07,0.249731231,51.48226514,626.13766,4.47435474,23.3697758,27.12,35.369,1.254263507
2020,3,32,-4.983521318,6.805614707,17.5,34.5,3.75040787,3,2.45,1.411764706,0.74,0.065178426,-0.010310603,NA,0.05,0.227718114,45.0679847,781.7134245,4.26054335,26.5313358,27.76,40.955,1.367636854
2020,4,32,-6.602244514,5.259155964,17.8,19.01,3.691223721,5,7.29,4.415686275,0.745,0.203863632,-0.01081701,0.069,0.049328242,0.215937796,44.04810765,735.856502,4.41362286,27.2972965,28.18,38.987,1.510780828
2020,5,32,-7.192789938,4.659245392,18,35.03,3.780504989,1,2,0.17254902,0.714,0.007966252,0.019084772,NA,0.08,0.274554473,41.13336061,771.872326,4.01939297,26.1797123,27.66,39.332,1.616383018
2020,6,30.33333333,-4.653582934,5.209247807,18.56666667,61.5,3.043944133,0,0,0,0.694,0,0.002685955,NA,0.07,0.25733544,57.3747935,703.721756,4.18045807,24.3388004,27.39,41.316,1.11424636
2020,7,28.93548387,-3.637870362,4.403200674,18.32258065,35.52,2.461654305,0,0,0,0.643,0,0.135757406,NA,0.150790866,0.374676814,75.32813655,683.575178,3.656672,23.0304508,26.99,32.785,-0.438164006
2020,8,29,-3.057740539,4.83847228,18.5,78.01,2.447249677,0,0,0,0.482,0,0.376569474,NA,0.339785843,0.581905764,80.72511497,620.057794,3.87950277,21.0743961,26.26,NA,-0.993074124
2020,9,29,-3.115904102,4.79,18.5,55.02,2.481972861,0,0,0,0.586,0,NA,NA,NA,NA,82.84623188,527.2508541,3.92470813,20.1290226,25.89,NA,-1.264470758
2020,10,29.38709677,-4.26230846,5.463063263,17.19354839,6.01,2.925706005,0,0,0,0.517,0,0.361229548,NA,0.280870396,0.52,66.30371804,697.5231633,4.24605608,21.0495853,25.46,27.205,-1.428648736
2020,11,30,-1.656321839,6.472626649,17.5,1,3.216901813,0,0,0,0.663,0,0.158055365,NA,0.136160815,0.358544774,58.39507226,575.42222,4.8392086,20.6990604,25.28,27.264,-1.584380788
2020,12,30,-0.422788474,6.86998946,17.5,0,3.246492807,1,1.61,0,0.749,0,0.09999891,NA,0.07,0.25312726,58.81597505,542.203612,3.98414135,20.242548,25.44,23.463,-1.677076805
2021,1,NA,NA,NA,5.590322581,0,NA,6,2.7,0,0.728,0,0.046623346,NA,0.07,0.257459651,55.81174966,561.698604,4.10926151,20.4972782,25.55,24.893,-1.693310104
2021,2,22.72222222,0.634678811,-0.38,14.41071429,0,2.087415218,1,0.25,0,0.752,0,0.006922542,NA,0.050258141,0.218479353,37.37324597,657.741718,5.04534578,23.1064701,25.75,32.306,-1.69377973
2021,3,22.36538462,-1.252752087,-2.83,12.2016129,0,1.889932607,9,21.773,2.964705882,0.773,0.136874694,0.010191688,NA,0.05,0.214837283,36.61117198,780.902367,4.27757931,26.0311527,26.48,28.949,-1.756460251
2021,4,27.32758621,-1.167761755,0.586742174,17.575,24,2.751757794,4,1.9,0,0.795,0,0.003453142,0.068,0.04,0.190861714,39.4067378,762.737442,4.57016945,26.730341,27.1,39.942,-1.690746869
2021,5,29.41666667,0.540543392,2.075912062,19.91129032,NA,2.912794355,0,0,0,0.731,0,0.055698602,NA,0.06,0.240009446,53.8734962,731.287118,3.96393824,24.8274479,27.47,31.324,-1.322677024
2021,6,13.65517241,-2.350134658,-11.47,11,219,0.066797064,0,0,0,0.599,0,NA,NA,NA,NA,78.21031427,558.589388,4.0320096,21.0091801,27.45,NA,-0.52842073
2021,7,25.484,-1.597547781,0.951716804,17.04870968,NA,1.74400047,0,0,0,0.444,0,0.46953533,NA,0.371619081,0.610976951,79.19324041,667.178198,3.69163418,21.1768131,26.9,23.483,0.505099916
2021,8,22.16129032,-0.380321189,-2,16.41935484,221.95,1.137268641,0,0,0,0.383,0,0.498872591,NA,0.388705919,0.622375538,80.76563801,613.515092,4.0328517,21.0597172,26.32,NA,1.449193562
2021,9,21.75,-0.599237432,-2.46,16.13333333,199.5,1.072101326,0,0,0,0.422,0,0.590981517,NA,0.401829341,0.652140367,83.42367461,555.3253573,3.80149126,19.9728031,26.17,9.584,1.806720241
2021,10,20.68965517,0.89286395,-3.23,14.42741935,84,1.003103805,0,0,0,0.479,0,0.464785197,NA,0.284634198,0.526077158,78.29731171,582.241222,3.92511511,20.6893864,25.77,20.38,1.848495598
2021,11,21.56666667,2.227011494,-1.96,15.225,3,1.521103806,0,0,0,0.587,0,0.24199633,NA,0.199229955,0.435192089,63.09687701,568.41052,3.77533984,19.0959721,25.76,17.14,1.8738171
2021,12,23.01612903,2.31914701,-0.11,15.37903226,0,1.932056126,2,3.95,0,0.689,0,0.102806358,NA,0.09,0.298453813,49.94699072,593.211104,3.33515596,20.9912357,25.54,19.967,1.959329086
2022,1,22.01612903,1.979378322,0.6,14.31451613,6.5,1.739231452,10,17.42,5.82745098,0.686,0.269042058,0.06561305,NA,0.09,0.283572873,55.51619468,560.968864,4.20570135,19.755518,25.6,28.523,2.024902475
2022,2,22.08928571,1.289440715,-1.02,14.95535714,2.5,1.770883564,15,112.08,0.964705882,0.708,0.044538591,0.045893479,NA,0.08,0.266543248,49.49312509,596.219354,4.11724424,21.6467228,25.86,31.178,2.092163182
2022,3,24.90322581,0.161639972,-0.29,16.52419355,9,2.375543197,14,242.58,1.588235294,0.722,0.073325729,0.005610188,NA,0.07,0.248720081,37.93772608,794.31878,4.62146235,25.1083317,26.31,36.728,2.079094721
2022,4,27.33333333,3.664422156,0.592489294,20.6,34,2.631767295,1,1,0,0.748,0,0.001193257,0.063,0.054772143,0.227651812,44.18509192,743.704494,4.09078836,26.8187199,26.7,45.07,2.206916951
2022,5,28.25806452,3.807210062,0.917309912,21.62903226,19.5,2.849270141,9,9.66,0,0.745,0,0.004157282,NA,0.055100578,0.228585285,40.31257455,829.848208,4.37297583,27.8306828,26.82,46.486,1.884750383
2022,6,23.63333333,1.013083736,-1.49,18.05,120.5,1.591475376,7,4.48,0,0.7,0,0.108154321,NA,0.116036585,0.328956025,64.82161867,666.37757,4.14665413,24.019556,26.98,44.728,1.519335899
2022,7,24.11290323,1.610516739,-0.42,18.53548387,82.42,1.461210177,0,0,0,0.462,0,0.393683047,NA,0.318659139,0.559700048,78.26577257,692.099742,3.51446366,23.961298,26.6,15.601,0.785287021
2022,8,25.66129032,1.103549781,1.4997626,18.91129032,110.5,1.775631658,0,0,0,0.426,0,0.422723225,NA,0.368654733,0.607091482,79.78305901,651.316804,3.47530413,22.5158939,25.88,32.112,0.108834512
2022,9,23.45,0.200762568,-0.76,17.38333333,86,1.448241125,0,0,0,0.433,0,0.456498499,NA,0.367690255,0.608335172,78.67807567,543.5548539,4.43994904,20.7763309,25.65,28.964,-0.512640688
2022,10,22.96774194,1.75382057,-0.96,16.99193548,60.5,1.395773439,0,0,0,0.553,0,0.330796221,NA,0.253532863,0.5,78.61796229,558.1856253,3.87220645,21.6256962,25.73,30.857,-0.592220946
2022,11,22.21666667,3.560344831,-1.31,16.21666667,8.5,1.445935152,0,0,0,0.633,0,0.202200106,NA,0.161389886,0.391590075,68.21621035,560.547432,3.43757057,21.9611454,25.8,32.388,-0.535202041
2022,12,22.33870968,1.996566365,-0.79,14.87903226,14.5,1.70508003,7,10.1,0,0.663,0,0.060562623,NA,0.09,0.286250802,62.62708426,554.262464,3.89011717,20.0244999,25.75,30.276,-0.468632233
2023,1,22.61290323,2.479378322,1.194421789,14.86290323,0,1.840971274,5,12.062,0,0.682,0,0.025171865,NA,0.07,0.263322927,55.19940947,617.892046,3.99369192,21.2743778,25.83,29.689,-0.536477374
2023,2,24.96428571,0.664797858,1.8586739,16.08053571,11,2.317218418,7,5.367,0,0.738,0,0.007317993,NA,0.05246359,0.222815065,46.11870018,637.153396,4.43325329,23.6789188,26.29,33.324,-0.542342906
2023,3,26.06451613,3.210027072,0.870130837,18.62903226,40.3,2.446630602,3,8.416,0,0.774,0,0.006913473,NA,0.05,0.211947339,45.5175032,752.3892351,4.09971094,25.8619938,27.17,39.475,-0.445196071
2023,4,27.7,2.471088816,0.959155964,20.18666667,24.5,2.771763535,8,18.052,0,0.742,0,-0.024638236,0.033,0.050625406,0.218392321,42.40579688,756.01903,4.324687,26.326746,27.96,46.225,-0.526138047
2023,5,29.19354839,3.097532642,1.852793782,21.74193548,28.5,2.84063866,2,27.5,0,0.752,0,-0.014921339,NA,0.05,0.21399898,55.6579454,723.770632,3.53646588,25.3799076,28.39,42.931,-0.466496405
2023,6,29.51666667,2.379750396,4.39,21.675,25.5,2.989017955,3,28.71,0,0.707,0,-0.015676618,NA,0.07,0.254377394,44.44286459,794.010828,4.44809866,27.8617496,28.57,45.31,-1.139016471
2023,7,27.12580645,0.942774799,2.593523254,19.70806452,103.5,2.034495058,0,0,0,0.697,0,0.036286396,NA,0.09,0.282849962,77.58820386,689.057648,3.80582428,24.0092716,28.32,33.897,-1.128551615
2023,8,26.37096774,0.458388491,2.20944002,18.94354839,169,1.893838795,0,0,0,0.5,0,0.350764778,NA,0.303278313,0.541770008,78.62019382,656.733374,3.99789381,23.1207829,28.2,37.523,-0.918566186
2023,9,28.31666667,0.767429228,4.11,20.1,147.5,2.418001943,0,0,0,0.461,0,0.41132407,NA,0.34731275,0.586839928,71.37627792,696.7302751,3.79056048,23.9610233,28.32,37.83,-0.58570331
2023,10,25.27419355,2.15704638,1.350160043,18.34677419,32.5,1.757388582,0,0,0,0.598,0,0.28761242,NA,0.22289039,0.463110149,77.80017829,534.1915128,4.30540133,22.602869,28.44,31.297,-0.681187295
2023,11,22.5,3.643678161,-1.03,16.4,42,1.498931071,0,0,0,0.624,0,0.106774548,NA,0.14458778,0.36865507,71.77768237,530.431006,3.92498708,21.7813969,28.72,31.919,-0.45785031
2023,12,21.79032258,3.641727655,-1.34,15.42741935,0,1.517485054,1,2.89,0,0.645,0,0.111998068,NA,0.109197243,0.320788292,74.00178776,464.495316,3.59544563,18.2200565,28.62,26.692,-0.576265514
2024,1,24.20967742,4.721313806,2.79,16.78225806,0,2.126808413,1,1.12,0,0.696,0,0.01786501,NA,0.07,0.259867582,55.16022854,568.19276,4.59911251,20.6821232,28.35,1.155,-0.653752693
2024,2,24.03703704,2.430975107,0.93142523,15.36206897,15,2.255374651,8,27.2496,0,0.713,0,-0.022469663,NA,0.06,0.230692418,39.20980853,653.99511,4.51942444,23.5877628,28.27,33.515,-0.673359322
2024,3,29.69354839,5.580994812,4.499163097,21.62903226,0,3.474368324,8,21.6191,0,0.755,0,-0.017622441,NA,0.05,0.210893903,30.78815935,826.5931992,4.91518116,27.1622257,28.41,43.488,-0.999383452
2024,4,30.63333333,4.264422156,3.892489294,22.55,27.5,3.447026567,2,5.8895,0,0.766,0,-0.015841126,0.004,0.04,0.203263307,39.04243158,785.42211,4.66299105,28.1211491,28.59,46.581,-1.094633557
2024,5,31.72580645,4.436242322,4.385051842,23.67741935,24,3.514213083,1,1.1427,0,0.753,0,-0.014741542,NA,0.046726829,0.210562015,42.65095318,821.574342,4.36058569,30.6037235,28.16,50.531,-1.135457944
2024,6,NA,NA,NA,NA,NA,NA,0,0,0,0.757,0,-0.03128974,NA,0.04,0.205562893,54.72777436,661.632632,4.42972755,26.0292912,27.9,43.442,-0.903337006
2024,7,24.85483871,1.975032869,0.322555514,19.08870968,176.5,1.5530157,0,0,0,0.474,0,0.088645757,NA,0.112594453,0.325622849,80.8915481,626.016588,3.81878853,21.9522648,27.34,NA,-0.57451401
2024,8,25.59677419,2.410001401,1.44,19.53225806,307,1.714494858,0,0,0,0.343,0,0.541074157,NA,0.447444253,0.681972787,79.46856052,661.1688,3.772681,21.7301579,26.73,NA,0.234829614
2024,9,24.88333333,1.100762568,0.677952266,18.55,144.8,1.532216045,0,0,0,0.343,0,NA,NA,NA,NA,83.10368874,511.6143371,3.96757531,20.7332096,26.45,NA,0.277019904
2024,10,22.0483871,0.83446573,-1.88,16.07258065,20,1.333547173,0,0,0,0.457,0,0.452316469,NA,0.332962098,0.574096703,79.1803678,533.9230377,4.38306236,19.3251591,26.44,26.72,0.30998576
2024,11,24.8,3.410344831,1.272626649,17.43333333,20,2.058809135,0,0,0,0.577,0,0.207417688,NA,0.189946083,0.422217847,60.69044404,595.537388,3.75099897,20.8572636,26.45,24.265,0.252321135
2024,12,24.41935484,1.044953461,1.2893443,15.44354839,0,2.136268715,8,12.9294,0,0.651,0,0.116118724,NA,0.114153589,0.326867045,55.78210131,562.57136,3.76881623,19.292017,26,27.112,0.253192291
2025,1,22.74193548,10.96324929,-12.97,15.59677419,26,1.751419815,2,5.9887,4.647058824,0.648,0.214545652,0.045609813,NA,0.100316653,0.305480193,60.93333289,560.427164,4.38713026,20.2997074,25.8,29.908,0.406103352
2025,2,25.5,12.012655,-11.52,18.54464286,5.5,2.195917827,4,19.0628,0,0.71,0,0.073204044,NA,0.08,0.266964181,56.88628248,550.761276,3.43814278,22.332819,26.32,29.213,0.300184726
2025,3,29.37096774,12.84712384,-12.9,20.83064516,32,3.232520492,12,168.7462,2,0.722,0.092336103,0.00693149,0.058,0.06,0.246600814,40.2418947,775.8509901,4.38175583,25.6564579,27.29,36.814,0.480692314
2025,4,29.5,10.53108882,-14.77,20.73333333,25.5,3.368484286,12,22.4376,0,0.725,0,-0.014112049,NA,0.06,0.238411097,33.50710484,850.863684,4.96916819,26.6968632,27.68,42.484,0.509281469
2025,5,30.37096774,10.93624232,-13.45,22.12903226,65.5,3.085650856,7,5.8627,2,0.744,0.092336103,-0.006243342,NA,0.06,0.229744898,52.6621829,736.523918,4.17698717,26.5635929,27.8,47.431,0.750145235
2025,6,25.04333333,7.851417066,-11.56,19.305,249,1.59193773,0,0,0,0.677,0,0.120838175,NA,0.139569541,0.364590785,82.48901895,530.114154,3.96215844,20.7592716,27.66,NA,1.590156697
2025,7,25.5,8.031484479,-11.27,19.37903226,144,1.77260191,0,0,0,0.411,0,0.477995239,NA,0.405895194,0.642910106,78.11153835,685.978764,3.70803785,20.9854984,27.15,27.577,1.501389153
2025,8,25.69354839,8.055162691,-11.63,19.11290323,143,1.783697741,0,0,0,0.356,0,0.52585566,NA,0.442473424,0.676898661,78.81224058,675.006596,3.65275812,21.5324955,26.49,27.136,0.656627556
2025,9,27.1,9.092429228,-10.89,20.20833333,226.7,2.027973535,0,0,0,0.424,0,0.540762621,NA,0.425743658,0.662304823,80.93119918,591.2003381,3.69641185,20.9136906,26.25,18.822,0.91241837
2025,10,25.41935484,9.15704638,-12.5,18.41935484,71.5,1.918900661,0,0,0,0.466,0,0.381472659,NA,0.308278543,0.55,73.75038159,599.4576146,4.03225088,20.0269108,26.22,27.622,0.992649065
